course_title,course_organization,course_Certificate_type,course_rating,course_difficulty,course_students_enrolled
Python for Everybody,University of Michigan,SPECIALIZATION,4.8,Beginner,1.6m
Building Containerized Applications on AWS,Amazon Web Services,COURSE,4.4,Mixed,1.8k
Global Disease Masterclass,Imperial College London,SPECIALIZATION,4.7,Beginner,1.8k
Esports,"University of California, Irvine",SPECIALIZATION,4.5,Beginner,1.9k
Blockchain Revolution in Financial Services,INSEAD,SPECIALIZATION,4.6,Beginner,1.9k
Healthcare Law,University of Pennsylvania,SPECIALIZATION,4.7,Intermediate,1.9k
Cybersecurity,"University of Maryland, College Park",SPECIALIZATION,4.5,Intermediate,100k
Habilidades Gerenciales,Universidad Nacional Autónoma de México,SPECIALIZATION,4.7,Beginner,100k
Investment Management,University of Geneva,SPECIALIZATION,4.7,Beginner,100k
Introduction to Data Analysis Using Excel,Rice University,COURSE,4.7,Mixed,100k
"Applied Plotting, Charting & Data Representation in Python",University of Michigan,COURSE,4.5,Intermediate,100k
Inspired Leadership,Case Western Reserve University,SPECIALIZATION,4.7,Intermediate,100k
Moral Foundations of Politics,Yale University,COURSE,4.9,Mixed,100k
Human Resource Management: HR for People Managers,University of Minnesota,SPECIALIZATION,4.7,Beginner,100k
Boosting Creativity for Innovation,HEC Paris,COURSE,4.8,Beginner,10k
Sustainable Tourism – promoting environmental public health,University of Copenhagen,COURSE,4.6,Beginner,10k
FinTech Law and Policy,Duke University,COURSE,4.8,Beginner,10k
Accounting for Decision Making,University of Michigan,COURSE,4.8,Intermediate,10k
Futures Thinking,Institute for the Future,SPECIALIZATION,4.8,Beginner,10k
Les Fondamentaux de la Négociation,ESSEC Business School,COURSE,4.7,Beginner,10k
"TESOL Certificate, Part 1: Teach English Now!",Arizona State University,SPECIALIZATION,4.9,Beginner,110k
Fundamentos de Finanzas Empresariales,Universidad de los Andes,COURSE,4.8,Beginner,110k
An Introduction to American Law,University of Pennsylvania,COURSE,4.8,Beginner,110k
Data Analysis and Interpretation,Wesleyan University,SPECIALIZATION,4.4,Beginner,110k
Strategic Leadership and Management,University of Illinois at Urbana-Champaign,SPECIALIZATION,4.7,Beginner,110k
Gamification,University of Pennsylvania,COURSE,4.8,Mixed,110k
Introduction to the Biology of Cancer,Johns Hopkins University,COURSE,4.8,Beginner,110k
Python Programming: A Concise Introduction,Wesleyan University,COURSE,4.6,Beginner,110k
Introducción a la programación en Python I: Aprendiendo a programar con Python,Pontificia Universidad Católica de Chile,COURSE,4.4,Beginner,110k
Fundamentals of Quantitative Modeling,University of Pennsylvania,COURSE,4.6,Mixed,110k
Dynamic Public Speaking,University of Washington,SPECIALIZATION,4.7,Beginner,110k
Google IT Automation with Python,Google,PROFESSIONAL CERTIFICATE,4.7,Beginner,110k
Data Analysis with Python,IBM,COURSE,4.7,Beginner,110k
Achieving Personal and Professional Success,University of Pennsylvania,SPECIALIZATION,4.7,Beginner,110k
Astronomy: Exploring Time and Space,University of Arizona,COURSE,4.8,Beginner,110k
Entrepreneurship,University of Pennsylvania,SPECIALIZATION,4.8,Beginner,110k
"Effective Communication: Writing, Design, and Presentation",University of Colorado Boulder,SPECIALIZATION,4.7,Beginner,110k
Financial Acumen for Non-Financial Managers,University of Pennsylvania,COURSE,4.5,Beginner,11k
G Suite Administration,Google Cloud,SPECIALIZATION,4.7,Beginner,11k
The Challenges of Global Health,Duke University,COURSE,4.8,Beginner,11k
Digital Advertising Strategy,University of Colorado Boulder,SPECIALIZATION,4.5,Beginner,11k
The Cycle: Management of Successful Arts and Cultural Organizations,"University of Maryland, College Park",COURSE,4.8,Beginner,11k
Keeping up with Change: Issues for the Finance Professional,University of London,COURSE,4.7,Mixed,11k
Aspectos básicos de la planificación y la gestión de proyectos,University of Virginia,COURSE,4.8,Beginner,11k
Autodesk Certified Professional: Revit for Architectural Design Exam Prep,Autodesk,COURSE,4.7,Advanced,11k
Corporate & Commercial Law I: Contracts & Employment Law,University of Illinois at Urbana-Champaign,COURSE,4.8,Intermediate,11k
Diversity and inclusion in the workplace,ESSEC Business School,COURSE,4.7,Beginner,11k
Corporate Sustainability. Understanding and Seizing the Strategic Opportunity,Università Bocconi,COURSE,4.6,Mixed,11k
International migrations: a global issue,Sciences Po,COURSE,4.6,Beginner,11k
Robotics,University of Pennsylvania,SPECIALIZATION,4.4,Beginner,120k
Business Statistics and Analysis,Rice University,SPECIALIZATION,4.7,Beginner,120k
Sexualidad...mucho más que sexo,Universidad de los Andes,COURSE,4.8,Beginner,120k
The Power of Microeconomics: Economic Principles in the Real World,"University of California, Irvine",COURSE,4.7,Mixed,120k
Cloud Computing,University of Illinois at Urbana-Champaign,SPECIALIZATION,4.4,Intermediate,120k
Software Product Management,University of Alberta,SPECIALIZATION,4.6,Beginner,120k
Management of Fashion and Luxury Companies,Università Bocconi,COURSE,4.7,Mixed,120k
Business English Communication Skills,University of Washington,SPECIALIZATION,4.7,Intermediate,120k
AWS Fundamentals: Going Cloud-Native,Amazon Web Services,COURSE,4.7,Beginner,120k
Introduction to Electronics,Georgia Institute of Technology,COURSE,4.7,Mixed,120k
Google Cloud Platform Big Data and Machine Learning Fundamentals,Google Cloud,COURSE,4.6,Intermediate,120k
Econometrics: Methods and Applications,Erasmus University Rotterdam,COURSE,4.6,Mixed,120k
"English for Science, Technology, Engineering, and Mathematics",University of Pennsylvania,COURSE,4.8,Beginner,120k
What Is Contemporary Art?,The Museum of Modern Art,COURSE,4.7,Beginner,120k
Creative Writing: The Craft of Plot,Wesleyan University,COURSE,4.7,Mixed,120k
Databases and SQL for Data Science,IBM,COURSE,4.7,Beginner,120k
Tricky American English Pronunciation,"University of California, Irvine",COURSE,4.7,Beginner,120k
Web Applications for Everybody,University of Michigan,SPECIALIZATION,4.7,Intermediate,120k
Miracles of Human Language: An Introduction to Linguistics,Meertens instituut (KNAW),COURSE,4.7,Beginner,120k
Android App Development,Vanderbilt University,SPECIALIZATION,4.5,Beginner,120k
Tools for Data Science,IBM,COURSE,4.6,Beginner,120k
Search Engine Optimization (SEO),"University of California, Davis",SPECIALIZATION,4.6,Beginner,120k
Introdução à Ciência da Computação com Python Parte 1,Universidade de São Paulo,COURSE,4.9,Beginner,120k
Data-driven Decision Making,PwC,COURSE,4.6,Beginner,120k
Financial Reporting,University of Illinois at Urbana-Champaign,SPECIALIZATION,4.8,Intermediate,12k
Sports Marketing,Northwestern University,COURSE,4.7,Intermediate,12k
Summary Statistics in Public Health,Johns Hopkins University,COURSE,4.8,Beginner,12k
Antibiotic Stewardship,Stanford University,COURSE,4.5,Advanced,12k
Managerial Accounting Fundamentals,University of Virginia,COURSE,4.9,Beginner,12k
U.S. Federal Taxation,University of Illinois at Urbana-Champaign,SPECIALIZATION,4.8,Intermediate,12k
Getting Started with AI using IBM Watson,IBM,COURSE,4.5,Beginner,12k
Instructional Design Foundations and Applications,University of Illinois at Urbana-Champaign,COURSE,4.2,Mixed,12k
Understanding Modern Finance,American Institute of Business and Economics,SPECIALIZATION,4.4,Intermediate,12k
Anticorrupción: Introducción a conceptos y perspectiva práctica,Universidad Nacional Autónoma de México,COURSE,4.8,Beginner,12k
Practical Data Science with MATLAB,MathWorks,SPECIALIZATION,4.8,Beginner,12k
Foundations for Big Data Analysis with SQL,Cloudera,COURSE,4.8,Beginner,12k
Learn English: Intermediate Grammar,"University of California, Irvine",SPECIALIZATION,4.7,Intermediate,130k
Social Media Marketing,Northwestern University,SPECIALIZATION,4.6,Beginner,130k
The Addicted Brain,Emory University,COURSE,4.6,Beginner,130k
English for Journalism,University of Pennsylvania,COURSE,4.8,Mixed,130k
"The Modern World, Part One: Global History from 1760 to 1910",University of Virginia,COURSE,4.8,Beginner,130k
Model Thinking,University of Michigan,COURSE,4.8,Mixed,130k
Understanding the Brain: The Neurobiology of Everyday Life,The University of Chicago,COURSE,4.9,Beginner,130k
Learn to Speak Korean 1,Yonsei University,COURSE,4.9,Beginner,130k
Data Visualization and Communication with Tableau,Duke University,COURSE,4.7,Mixed,130k
Code Yourself! An Introduction to Programming,The University of Edinburgh,COURSE,4.7,Beginner,130k
A Crash Course in Data Science,Johns Hopkins University,COURSE,4.5,Mixed,130k
Fundamentals of Project Planning and Management,University of Virginia,COURSE,4.7,Beginner,130k
Machine Learning with Python,IBM,COURSE,4.7,Intermediate,130k
Understanding Research Methods,University of London,COURSE,4.5,Mixed,130k
Data Engineering with Google Cloud,Google Cloud,PROFESSIONAL CERTIFICATE,4.6,Intermediate,130k
Business English for Non-Native Speakers,The Hong Kong University of Science and Technology,SPECIALIZATION,4.5,Beginner,130k
Epidemiology: The Basic Science of Public Health,The University of North Carolina at Chapel Hill,COURSE,4.6,Mixed,130k
"Data Engineering, Big Data, and Machine Learning on GCP",Google Cloud,SPECIALIZATION,4.6,Intermediate,130k
Electric Industry Operations and Markets,Duke University,COURSE,4.8,Beginner,13k
Finance for Non-Financial Managers,Emory University,COURSE,4.4,Intermediate,13k
AWS Fundamentals: Addressing Security Risk,Amazon Web Services,COURSE,4.3,Beginner,13k
Introduction to Statistics & Data Analysis in Public Health,Imperial College London,COURSE,4.7,Beginner,13k
The Science of Stem Cells,American Museum of Natural History,COURSE,4.7,Intermediate,13k
Spacecraft Dynamics and Control,University of Colorado Boulder,SPECIALIZATION,4.8,Advanced,13k
TensorFlow: Data and Deployment,deeplearning.ai,SPECIALIZATION,4.5,Intermediate,13k
Spanish for Successful Communication in Healthcare Settings,Rice University,COURSE,4.8,Intermediate,13k
Introduction to Portfolio Construction and Analysis with Python,EDHEC Business School,COURSE,4.8,Mixed,13k
Managing Your Health: The Role of Physical Therapy and Exercise,University of Toronto,COURSE,4.6,Beginner,13k
Unity XR: How to Build AR and VR Apps,Unity,SPECIALIZATION,4.2,Beginner,13k
"FinTech: Foundations, Payments, and Regulations",University of Pennsylvania,COURSE,4.7,Beginner,13k
Regulatory Compliance,University of Pennsylvania,SPECIALIZATION,4.8,Intermediate,13k
Autodesk CAD/CAM/CAE for Mechanical Engineering,Autodesk,SPECIALIZATION,4.8,Intermediate,13k
Write A Feature Length Screenplay For Film Or Television,Michigan State University,COURSE,4.7,Beginner,13k
AWS Fundamentals,Amazon Web Services,SPECIALIZATION,4.6,Beginner,140k
Introduction to Personal Branding,University of Virginia,COURSE,4.4,Beginner,140k
Python 3 Programming,University of Michigan,SPECIALIZATION,4.7,Beginner,140k
Data Mining,University of Illinois at Urbana-Champaign,SPECIALIZATION,4.5,Intermediate,140k
IBM AI Engineering,IBM,PROFESSIONAL CERTIFICATE,4.6,Intermediate,140k
Creative Writing,Wesleyan University,SPECIALIZATION,4.6,Beginner,140k
Getting and Cleaning Data,Johns Hopkins University,COURSE,4.6,Mixed,140k
"Cameras, Exposure, and Photography",Michigan State University,COURSE,4.7,Mixed,140k
Introducción a Data Science: Programación Estadística con R,Universidad Nacional Autónoma de México,COURSE,4.7,Beginner,140k
Greek and Roman Mythology,University of Pennsylvania,COURSE,4.8,Mixed,140k
The Bits and Bytes of Computer Networking,Google,COURSE,4.7,Beginner,140k
AI for Medical Diagnosis,deeplearning.ai,COURSE,4.6,Intermediate,14k
FinTech: Finance Industry Transformation and Regulation,The Hong Kong University of Science and Technology,SPECIALIZATION,4.6,Beginner,14k
Security & Safety Challenges in a Globalized World,Universiteit Leiden,COURSE,4.7,Beginner,14k
"Introduction to Trading, Machine Learning & GCP",New York Institute of Finance,COURSE,4,Intermediate,14k
Mathematics for Data Science,National Research University Higher School of Economics,SPECIALIZATION,4.4,Beginner,14k
Искусство ведения бизнеса,Saint Petersburg State University,SPECIALIZATION,4.6,Beginner,14k
Практики анализа экономических данных от простого к сложному,Saint Petersburg State University,SPECIALIZATION,4.7,Beginner,14k
Sustainable Fashion,Copenhagen Business School,COURSE,4.7,Beginner,14k
Business Model Innovation,HEC Paris,COURSE,4.7,Mixed,14k
Memoir and Personal Essay: Write About Yourself,Wesleyan University,SPECIALIZATION,4.3,Beginner,14k
The Science of Training Young Athletes,University of Florida,COURSE,4.9,Beginner,14k
Science of Exercise,University of Colorado Boulder,COURSE,4.8,Beginner,150k
Fundamentos de Excel para Negocios,Universidad Austral,COURSE,4.7,Beginner,150k
Dog Emotion and Cognition,Duke University,COURSE,4.6,Mixed,150k
Viral Marketing and How to Craft Contagious Content,University of Pennsylvania,COURSE,4.7,Mixed,150k
Creative Problem Solving,University of Minnesota,COURSE,4.3,Mixed,150k
Arizona State University TESOL,Arizona State University,PROFESSIONAL CERTIFICATE,4.9,Beginner,150k
"C++ For C Programmers, Part A","University of California, Santa Cruz",COURSE,4.4,Mixed,150k
Data Science Math Skills,Duke University,COURSE,4.5,Beginner,150k
Algorithms,Stanford University,SPECIALIZATION,4.8,Intermediate,150k
Full-Stack Web Development with React,The Hong Kong University of Science and Technology,SPECIALIZATION,4.7,Intermediate,150k
Digital Product Management,University of Virginia,SPECIALIZATION,4.7,Beginner,150k
"Introduction to TensorFlow for Artificial Intelligence, Machine Learning, and Deep Learning",deeplearning.ai,COURSE,4.7,Intermediate,150k
Introduction to Engineering Mechanics,Georgia Institute of Technology,COURSE,4.7,Mixed,150k
Interaction Design,University of California San Diego,SPECIALIZATION,4.5,Intermediate,150k
Introduction to Classical Music,Yale University,COURSE,4.9,Mixed,150k
Arts and Culture Strategy,National Arts Strategies,COURSE,4.7,Mixed,15k
Foundational Finance for Strategic Decision Making,University of Michigan,SPECIALIZATION,4.8,Beginner,15k
The hidden value – Lean in manufacturing and services,École des Ponts ParisTech,COURSE,4.7,Beginner,15k
Algorithms for Battery Management Systems,University of Colorado System,SPECIALIZATION,4.8,Intermediate,15k
Gender and Sexuality: Diversity and Inclusion in the Workplace,University of Pittsburgh,COURSE,4.7,Beginner,15k
Construction Scheduling,Columbia University,COURSE,4.8,Beginner,15k
Essential Epidemiologic Tools for Public Health Practice,Johns Hopkins University,COURSE,4.7,Beginner,15k
Get Interactive: Practical Teaching with Technology,University of London,COURSE,4.7,Beginner,15k
AI for Medicine,deeplearning.ai,SPECIALIZATION,4.7,Intermediate,15k
Music Business,Berklee College of Music,SPECIALIZATION,4.8,Beginner,15k
Engineering Health: Introduction to Yoga and Physiology,New York University,COURSE,4.8,Beginner,15k
Cost and Economics in Pricing Strategy,BCG,COURSE,4.8,Beginner,15k
Investment Management with Python and Machine Learning,EDHEC Business School,SPECIALIZATION,4.6,Beginner,15k
Love as a Force for Social Justice,Stanford University,COURSE,4.7,Beginner,15k
Biostatistics in Public Health,Johns Hopkins University,SPECIALIZATION,4.8,Beginner,15k
Introduction to Business Analytics: Communicating with Data,University of Illinois at Urbana-Champaign,COURSE,4.7,Intermediate,15k
"Open Source Software Development, Linux and Git",The Linux Foundation,SPECIALIZATION,4.5,Beginner,15k
Gestión Empresarial Exitosa para Pymes,Pontificia Universidad Católica de Chile,COURSE,4.8,Mixed,160k
Applied Machine Learning in Python,University of Michigan,COURSE,4.6,Intermediate,160k
De-Mystifying Mindfulness,Universiteit Leiden,COURSE,4.8,Beginner,160k
Business Metrics for Data-Driven Companies,Duke University,COURSE,4.6,Mixed,160k
"Creatividad, diseño e innovación: Técnicas y herramientas",Arizona State University,SPECIALIZATION,4.7,Beginner,160k
Mathematics for Machine Learning,Imperial College London,SPECIALIZATION,4.6,Beginner,160k
Full Stack Web and Multiplatform Mobile App Development,The Hong Kong University of Science and Technology,SPECIALIZATION,4.7,Intermediate,160k
Machine Learning for Trading,Google Cloud,SPECIALIZATION,3.9,Intermediate,16k
Modern Big Data Analysis with SQL,Cloudera,SPECIALIZATION,4.8,Beginner,16k
"Resilience in Children Exposed to Trauma, Disaster and War: Global Perspectives",University of Minnesota,COURSE,4.8,Mixed,16k
Integrative Health and Medicine,University of Minnesota,SPECIALIZATION,4.7,Beginner,16k
Become an EMT,University of Colorado System,SPECIALIZATION,4.8,Beginner,16k
"Introduction to Self-Determination Theory: An approach to motivation, development and wellness",University of Rochester,COURSE,4.9,Beginner,16k
"GIS, Mapping, and Spatial Analysis",University of Toronto,SPECIALIZATION,4.9,Beginner,16k
Arts and Heritage Management,Università Bocconi,COURSE,4.8,Mixed,16k
Корпоративные финансы и стоимость компании,National Research University Higher School of Economics,SPECIALIZATION,4.5,Beginner,16k
Introduction to Probability and Data,Duke University,COURSE,4.7,Beginner,170k
How Things Work: An Introduction to Physics,University of Virginia,COURSE,4.8,Intermediate,170k
Medical Neuroscience,Duke University,COURSE,4.9,Advanced,170k
Executive Data Science,Johns Hopkins University,SPECIALIZATION,4.5,Beginner,170k
Customer Analytics,University of Pennsylvania,COURSE,4.6,Mixed,170k
Marketing Analytics,University of Virginia,COURSE,4.6,Beginner,170k
Business and Financial Modeling,University of Pennsylvania,SPECIALIZATION,4.5,Beginner,170k
Learn SQL Basics for Data Science,"University of California, Davis",SPECIALIZATION,4.6,Beginner,170k
TensorFlow in Practice,deeplearning.ai,SPECIALIZATION,4.7,Intermediate,170k
Functional Programming Principles in Scala,École Polytechnique Fédérale de Lausanne,COURSE,4.8,Intermediate,170k
SQL for Data Science,"University of California, Davis",COURSE,4.6,Beginner,170k
Java Programming: Solving Problems with Software,Duke University,COURSE,4.6,Beginner,170k
Statistical Analysis with R for Public Health,Imperial College London,SPECIALIZATION,4.7,Beginner,17k
Sales Training for High Performing Teams,HubSpot Academy,SPECIALIZATION,4.7,Beginner,17k
Introduction to User Experience Principles and Processes,University of Michigan,COURSE,4.8,Beginner,17k
Communication Skills for Engineers,Rice University,SPECIALIZATION,4.6,Beginner,17k
Agile Analytics,University of Virginia,COURSE,4.6,Beginner,17k
Site Reliability Engineering: Measuring and Managing Reliability,Google Cloud,COURSE,4.5,Advanced,17k
Sports and Society,Duke University,COURSE,4.8,Mixed,17k
Introduction to Blockchain Technologies,INSEAD,COURSE,4.7,Beginner,17k
Developing APIs with Google Cloud's Apigee API Platform,Google Cloud,SPECIALIZATION,4.6,Intermediate,17k
Six Sigma and the Organization (Advanced),University System of Georgia,COURSE,4.7,Intermediate,17k
Information​ ​Systems,University of Minnesota,SPECIALIZATION,4.7,Beginner,17k
Python for Data Science and AI,IBM,COURSE,4.6,Beginner,180k
Fundamentals of Music Theory,The University of Edinburgh,COURSE,4.6,Beginner,180k
The Power of Macroeconomics: Economic Principles in the Real World,"University of California, Irvine",COURSE,4.6,Mixed,180k
Responsive Website Development and Design,"Goldsmiths, University of London",SPECIALIZATION,4.5,Beginner,180k
Improving Leadership & Governance in Nonprofit Organizations,Luther College at the University of Regina,SPECIALIZATION,4.4,Beginner,18k
Introduction to Applied Cryptography,University of Colorado System,SPECIALIZATION,4.5,Beginner,18k
Drug Commercialization,University of California San Diego,COURSE,4.7,Beginner,18k
Preparing for the Google Cloud Professional Data Engineer Exam,Google Cloud,COURSE,4.6,Advanced,18k
Getting Started with Go,"University of California, Irvine",COURSE,4.6,Intermediate,18k
Design Thinking for the Greater Good: Innovation in the Social Sector,University of Virginia,COURSE,4.6,Beginner,18k
Culture-Driven Team Building,University of Pennsylvania,SPECIALIZATION,4.6,Beginner,18k
Revisão Sistemática e Meta-análise,Universidade Estadual de Campinas,COURSE,4.9,Intermediate,18k
Leadership Development for Engineers,Rice University,SPECIALIZATION,4.7,Beginner,18k
The fundamentals of hotel distribution,ESSEC Business School,COURSE,4.7,Mixed,18k
e-Learning Ecologies: Innovative Approaches to Teaching and Learning for the Digital Age,University of Illinois at Urbana-Champaign,COURSE,4.5,Mixed,18k
Wonders of Ancient Egypt,University of Pennsylvania,COURSE,4.8,Intermediate,18k
Fashion as Design,The Museum of Modern Art,COURSE,4.8,Beginner,190k
Étudier en France: French Intermediate course B1-B2,École Polytechnique,COURSE,4.8,Intermediate,190k
Learn to Program: The Fundamentals,University of Toronto,COURSE,4.8,Beginner,190k
Positive Psychology,The University of North Carolina at Chapel Hill,COURSE,4.7,Mixed,190k
Aprendiendo a aprender: Poderosas herramientas mentales con las que podrás dominar temas difíciles (Learning How to Learn),University of California San Diego,COURSE,4.9,Beginner,190k
Initiating and Planning Projects,"University of California, Irvine",COURSE,4.7,Mixed,190k
Vital Signs: Understanding What the Body Is Telling Us,University of Pennsylvania,COURSE,4.8,Mixed,190k
Getting Started with Google Sheets,Google Cloud,COURSE,4.6,Beginner,19k
Introducción a la Minería de Datos,Pontificia Universidad Católica de Chile,COURSE,4.7,Beginner,19k
The Social Context of Mental Health and Illness,University of Toronto,COURSE,4.6,Mixed,19k
Major Depression in the Population: A Public Health Approach,Johns Hopkins University,COURSE,4.7,Beginner,19k
Основы Digital Маркетинга,National Research University Higher School of Economics,SPECIALIZATION,4.5,Intermediate,19k
Write Your First Novel,Michigan State University,COURSE,4.3,Beginner,19k
American Contract Law I,Yale University,COURSE,4.9,Beginner,19k
Introduction to Molecular Spectroscopy,University of Manchester   ,COURSE,4.7,Intermediate,19k
Programming with Google Go,"University of California, Irvine",SPECIALIZATION,4.6,Intermediate,19k
Developing the SIR Model,Imperial College London,COURSE,5,Intermediate,2.2k
El Abogado del Futuro: Legaltech y la Transformación Digital del Derecho,Universidad Austral,COURSE,5,Beginner,2.2k
Infectious Disease Modelling,Imperial College London,SPECIALIZATION,5,Intermediate,2.3k
Learning How to Learn: Powerful mental tools to help you master tough subjects,University of California San Diego,COURSE,4.8,Mixed,2.3m
International Security Management,Erasmus University Rotterdam,COURSE,4.6,Beginner,2.6k
The Science of Well-Being,Yale University,COURSE,4.9,Mixed,2.6m
Enterprise Architecture,Peter the Great St. Petersburg Polytechnic University,COURSE,4.5,Beginner,2.7k
The Pronunciation of American English,"University of California, Irvine",SPECIALIZATION,4.6,Beginner,2.7k
Implementing RPA with Cognitive Automation and Analytics,Automation Anywhere,SPECIALIZATION,4.5,Beginner,2.8k
Beyond the Sustainable Development Goals (SDGs): Addressing Sustainability and Development,University of Michigan,COURSE,4.7,Mixed,2.8k
English Composition I,Duke University,COURSE,4.6,Beginner,200k
Fundamentals of Computing,Rice University,SPECIALIZATION,4.8,Beginner,200k
Psychological First Aid,Johns Hopkins University,COURSE,4.8,Mixed,200k
Introduction to Financial Accounting,University of Pennsylvania,COURSE,4.7,Mixed,200k
Aprender,Universidad Nacional Autónoma de México,COURSE,4.8,Mixed,200k
Advanced Machine Learning,National Research University Higher School of Economics,SPECIALIZATION,4.5,Advanced,200k
Sequence Models,deeplearning.ai,COURSE,4.8,Intermediate,200k
Ecology: Ecosystem Dynamics and Conservation,Howard Hughes Medical Institute ,COURSE,4.8,Intermediate,20k
Fundamentals of Immunology: Innate Immunity and B-Cell Function,Rice University,COURSE,4.7,Intermediate,20k
Feminism and Social Justice,"University of California, Santa Cruz",COURSE,4.8,Beginner,20k
"Sleep: Neurobiology, Medicine, and Society",University of Michigan,COURSE,4.8,Beginner,20k
Solar Energy Basics,The State University of New York,COURSE,4.8,Beginner,20k
Entrepreneurship Strategy: From Ideation to Exit,HEC Paris,COURSE,4.8,Beginner,20k
International Law in Action: the Arbitration of International Disputes,Universiteit Leiden,COURSE,4.8,Mixed,20k
Design-Led Strategy: Design thinking for business strategy and entrepreneurship,The University of Sydney,COURSE,4.6,Intermediate,20k
Construction Cost Estimating and Cost Control,Columbia University,COURSE,4.7,Beginner,20k
Schizophrenia,Wesleyan University,COURSE,4.7,Intermediate,20k
Big Data,University of California San Diego,SPECIALIZATION,4.5,Beginner,210k
Guitar for Beginners,Berklee College of Music,COURSE,4.8,Mixed,210k
Think Again I: How to Understand Arguments,Duke University,COURSE,4.6,Beginner,210k
Camino a la Excelencia en Gestión de Proyectos,Pontificia Universidad Católica de Chile,COURSE,4.7,Beginner,210k
Fintech: Foundations & Applications of Financial Technology,University of Pennsylvania,SPECIALIZATION,4.6,Beginner,21k
International Organizations Management,University of Geneva,COURSE,4.8,Beginner,21k
Pricing Strategy Optimization,BCG,SPECIALIZATION,4.8,Beginner,21k
Sustentabilidad y Economías Sociales,Universidad de Chile,COURSE,4.7,Beginner,21k
Introduction to Computer Programming,"Goldsmiths, University of London",COURSE,4.3,Beginner,21k
Data Collection and Processing with Python,University of Michigan,COURSE,4.7,Intermediate,21k
Introduction to Key Constitutional Concepts and Supreme Court Cases,University of Pennsylvania,COURSE,4.8,Beginner,21k
Data Science: Statistics and Machine Learning,Johns Hopkins University,SPECIALIZATION,4.4,Intermediate,220k
Leading People and Teams,University of Michigan,SPECIALIZATION,4.7,Beginner,220k
Data Analysis and Presentation Skills: the PwC Approach,PwC,SPECIALIZATION,4.6,Beginner,220k
Functional Programming in Scala,École Polytechnique Fédérale de Lausanne,SPECIALIZATION,4.7,Intermediate,220k
Excel Skills for Business: Essentials,Macquarie University,COURSE,4.9,Beginner,220k
Fundamentals of Immunology,Rice University,SPECIALIZATION,4.7,Intermediate,22k
"Modern Robotics:  Mechanics, Planning, and Control",Northwestern University,SPECIALIZATION,4.7,Intermediate,22k
Ecosystem Services: a Method for Sustainable Development,University of Geneva,COURSE,4.7,Intermediate,22k
Anatomy: Musculoskeletal and Integumentary Systems,University of Michigan,COURSE,4.8,Beginner,22k
Smart Cities – Management of Smart Urban Infrastructures,École Polytechnique Fédérale de Lausanne,COURSE,4.6,Beginner,22k
Farmacología para odontólogos,Universidad Nacional Autónoma de México,COURSE,4.8,Mixed,22k
How to Play Guitar,Berklee College of Music,SPECIALIZATION,4.8,Beginner,230k
Statistics with R,Duke University,SPECIALIZATION,4.7,Beginner,230k
IBM Applied AI,IBM,PROFESSIONAL CERTIFICATE,4.6,Beginner,230k
Introduction to Marketing,University of Pennsylvania,COURSE,4.8,Mixed,230k
Introduction to HTML5,University of Michigan,COURSE,4.7,Mixed,230k
Applied Data Science,IBM,SPECIALIZATION,4.6,Beginner,230k
Contabilidad para no contadores,Universidad Nacional Autónoma de México,COURSE,4.7,Beginner,230k
Structuring Machine Learning Projects,deeplearning.ai,COURSE,4.8,Beginner,230k
Using Databases with Python,University of Michigan,COURSE,4.8,Mixed,230k
Liderazgo efectivo para el siglo XXI,Universidad de los Andes,SPECIALIZATION,4.8,Intermediate,23k
Object-Oriented Data Structures in C++,University of Illinois at Urbana-Champaign,COURSE,4.7,Intermediate,23k
Blockchain Revolution,INSEAD,SPECIALIZATION,4.7,Beginner,23k
The Business of Health Care,University of Pennsylvania,SPECIALIZATION,4.6,Beginner,23k
Using Python to Interact with the Operating System,Google,COURSE,4.7,Beginner,23k
"Negotiation, Mediation and Conflict Resolution",ESSEC Business School,SPECIALIZATION,4.7,Beginner,23k
Dairy Production and Management,The Pennsylvania State University,COURSE,4.8,Mixed,23k
Fundamentals of Reinforcement Learning,University of Alberta,COURSE,4.8,Intermediate,23k
Implementación del Marketing Mix,IE Business School,SPECIALIZATION,4.7,Beginner,23k
Positive Psychology: Applications and Interventions,University of Pennsylvania,COURSE,4.8,Beginner,23k
Digital Transformation in Financial Services,Copenhagen Business School,SPECIALIZATION,4.4,Beginner,23k
Global Environmental Management,Technical University of Denmark (DTU),COURSE,4.6,Intermediate,23k
Julia Scientific Programming,University of Cape Town,COURSE,4.5,Beginner,23k
International Business Essentials,University of London,SPECIALIZATION,4.5,Intermediate,23k
International Humanitarian Law in Theory and Practice,Kalshoven-Gieskes Forum,COURSE,4.8,Beginner,23k
Cuidados y procedimientos generales en la atención del recién nacido,Universidad de Chile,COURSE,4.7,Intermediate,23k
Social Psychology,Wesleyan University,COURSE,4.7,Beginner,240k
Project Management Principles and Practices,"University of California, Irvine",SPECIALIZATION,4.7,Beginner,240k
English for Business and Entrepreneurship,University of Pennsylvania,COURSE,4.8,Beginner,240k
Mindshift: Break Through Obstacles to Learning and Discover Your Hidden Potential,McMaster University,COURSE,4.8,Beginner,240k
Machine Learning Foundations: A Case Study Approach,University of Washington,COURSE,4.6,Mixed,240k
Reinforcement Learning,University of Alberta,SPECIALIZATION,4.7,Intermediate,24k
"Influencing: Storytelling, Change Management and Governance",Macquarie University,SPECIALIZATION,4.8,Beginner,24k
Become a CBRS Certified Professional Installer by Google,Google - Spectrum Sharing,COURSE,4.9,Mixed,24k
SAS Programmer,SAS,PROFESSIONAL CERTIFICATE,4.8,Beginner,24k
Embedding Sensors and Motors,University of Colorado Boulder,SPECIALIZATION,4.6,Intermediate,24k
Virtual Teacher,"University of California, Irvine",SPECIALIZATION,4.3,Beginner,24k
Actualización en el manejo del paciente con diabetes mellitus tipo 2,Universidad Nacional Autónoma de México,COURSE,4.8,Mixed,24k
The Art of Sales: Mastering the Selling Process,Northwestern University,SPECIALIZATION,4.7,Beginner,24k
Python Classes and Inheritance,University of Michigan,COURSE,4.7,Intermediate,24k
Social Impact Strategy: Tools for Entrepreneurs and Innovators,University of Pennsylvania,COURSE,4.8,Beginner,24k
Preparing for the Google Cloud Associate Cloud Engineer Exam,Google Cloud,COURSE,4.7,Beginner,24k
Private Equity and Venture Capital,Università Bocconi,COURSE,4.8,Mixed,24k
Building Conversational Experiences with Dialogflow,Google Cloud,COURSE,4.5,Beginner,24k
Introduction to English Common Law,University of London,COURSE,4.8,Beginner,24k
Global Procurement and Sourcing,Rutgers the State University of New Jersey,SPECIALIZATION,4.8,Beginner,24k
Machine Learning for All,University of London,COURSE,4.7,Beginner,24k
Introduction to Negotiation: A Strategic Playbook for Becoming a Principled and Persuasive Negotiator,Yale University,COURSE,4.9,Mixed,250k
Design Thinking for Innovation,University of Virginia,COURSE,4.6,Beginner,250k
Convolutional Neural Networks,deeplearning.ai,COURSE,4.9,Intermediate,250k
"HTML, CSS, and Javascript for Web Developers",Johns Hopkins University,COURSE,4.8,Mixed,250k
Managing Innovation and Design Thinking,HEC Paris,SPECIALIZATION,4.7,Beginner,25k
International Cyber Conflicts,The State University of New York,COURSE,4.5,Mixed,25k
Business Strategies for A Better World,University of Pennsylvania,SPECIALIZATION,4.7,Beginner,25k
Chemicals and Health,Johns Hopkins University,COURSE,4.7,Beginner,25k
Build a Modern Computer from First Principles: Nand to Tetris Part II (project-centered course),Hebrew University of Jerusalem,COURSE,5,Mixed,25k
Financing and Investing in Infrastructure,Università Bocconi,COURSE,4.8,Mixed,25k
Stochastic processes,National Research University Higher School of Economics,COURSE,4.5,Intermediate,25k
Introduction to Machine Learning,Duke University,COURSE,4.6,Intermediate,25k
Introduction to Psychology,University of Toronto,COURSE,4.9,Mixed,260k
"Programming Foundations with JavaScript, HTML and CSS",Duke University,COURSE,4.6,Beginner,260k
Cryptography I,Stanford University,COURSE,4.8,Mixed,260k
Excel Skills for Business,Macquarie University,SPECIALIZATION,4.9,Beginner,260k
Object Oriented Java Programming: Data Structures and Beyond,University of California San Diego,SPECIALIZATION,4.7,Intermediate,260k
Engineering Project Management: Initiating and Planning,Rice University,COURSE,4.7,Beginner,26k
Supply Chain Operations,Rutgers the State University of New Jersey,COURSE,4.8,Beginner,26k
Autodesk Certified Professional: AutoCAD for Design and Drafting Exam Prep,Autodesk,COURSE,4.7,Advanced,26k
Introduction to Dental Medicine,University of Pennsylvania,COURSE,4.8,Beginner,26k
Industrial Biotechnology,University of Manchester   ,COURSE,4.6,Beginner,26k
"Epidemics, Pandemics and Outbreaks",University of Pittsburgh,COURSE,4.7,Mixed,26k
Understanding Medical Research: Your Facebook Friend is Wrong,Yale University,COURSE,4.9,Beginner,26k
Building Scalable Java Microservices with Spring Boot and Spring Cloud,Google Cloud,COURSE,4.3,Intermediate,26k
What is Data Science?,IBM,COURSE,4.7,Beginner,270k
Game Theory,Stanford University,COURSE,4.6,Beginner,270k
Methods and Statistics in Social Sciences,University of Amsterdam,SPECIALIZATION,4.6,Beginner,270k
Finance & Quantitative Modeling for Analysts,University of Pennsylvania,SPECIALIZATION,4.5,Beginner,270k
Art & Inquiry: Museum Teaching Strategies For Your Classroom,The Museum of Modern Art,COURSE,4.7,Mixed,27k
Branding: The Creative Journey,IE Business School,SPECIALIZATION,4.6,Beginner,27k
International Marketing & Cross Industry Growth,Yonsei University,SPECIALIZATION,4.6,Beginner,27k
Cuidado de heridas en el ámbito hospitalario,Universidad Nacional Autónoma de México,COURSE,4.8,Intermediate,27k
UX Design Fundamentals,California Institute of the Arts,COURSE,4.8,Beginner,27k
Managing Social and Human Capital,University of Pennsylvania,COURSE,4.5,Beginner,27k
Introduction to Programming with MATLAB,Vanderbilt University,COURSE,4.8,Beginner,280k
"Improving Deep Neural Networks: Hyperparameter tuning, Regularization and Optimization",deeplearning.ai,COURSE,4.9,Beginner,280k
Mastering Data Analysis in Excel,Duke University,COURSE,4.2,Mixed,280k
Introduction to Mathematical Thinking,Stanford University,COURSE,4.8,Intermediate,280k
Primeros Auxilios Psicológicos (PAP),Universitat Autònoma de Barcelona,COURSE,4.8,Mixed,280k
Become a Journalist: Report the News!,Michigan State University,SPECIALIZATION,4.7,Beginner,28k
Essential Design Principles for Tableau,"University of California, Davis",COURSE,4.5,Beginner,28k
Introduction to Cyber Attacks,New York University,COURSE,4.7,Beginner,28k
Introduction to Breast Cancer,Yale University,COURSE,4.9,Mixed,28k
Understanding International Relations Theory,National Research University Higher School of Economics,COURSE,4.7,Mixed,28k
Finanzas personales,Universidad Nacional Autónoma de México,COURSE,4.8,Mixed,28k
Content Strategy for Professionals,Northwestern University,SPECIALIZATION,4.5,Beginner,28k
Continuous Delivery & DevOps,University of Virginia,COURSE,4.6,Beginner,28k
Foundations of Marketing Analytics,Emory University,SPECIALIZATION,4.2,Intermediate,28k
Write Professional Emails in English,Georgia Institute of Technology,COURSE,4.7,Mixed,290k
Introduction to Psychology,Yale University,COURSE,4.9,Beginner,290k
Business Analytics,University of Pennsylvania,SPECIALIZATION,4.6,Beginner,290k
Web Design for Everybody: Basics of Web Development & Coding,University of Michigan,SPECIALIZATION,4.7,Beginner,290k
The Technology of Music Production,Berklee College of Music,COURSE,4.8,Beginner,29k
The Horse Course: Introduction to Basic Care and Management,University of Florida,COURSE,4.9,Mixed,29k
The 3D Printing Revolution,University of Illinois at Urbana-Champaign,COURSE,4.7,Beginner,29k
Mindware: Critical Thinking for the Information Age,University of Michigan,COURSE,4.7,Beginner,29k
"Python Functions, Files, and Dictionaries",University of Michigan,COURSE,4.8,Beginner,29k
"Hotel Management: Distribution, Revenue and Demand Management",ESSEC Business School,SPECIALIZATION,4.6,Beginner,29k
Explorando la Energía Sustentable,Pontificia Universidad Católica de Chile,COURSE,4.8,Beginner,29k
Computer Security and Systems Management,University of Colorado System,SPECIALIZATION,4.6,Beginner,29k
Stories of Infection,Stanford University,COURSE,4.9,Intermediate,29k
Hot Topics in Criminal Justice,Vanderbilt University,COURSE,4.5,Beginner,3.1k
Software Testing and Automation,University of Minnesota,SPECIALIZATION,4.8,Intermediate,3.2k
Machine Learning,Stanford University,COURSE,4.9,Mixed,3.2m
AI For Medical Treatment,deeplearning.ai,COURSE,4.8,Intermediate,3.4k
Queering Identities: LGBTQ+ Sexuality and Gender Identity,University of Colorado System,COURSE,4.9,Beginner,3.5k
Palliative Care: It's Not Just Hospice Anymore,University of Colorado System,SPECIALIZATION,4.8,Beginner,3.5k
IBM Customer Engagement Specialist Professional Certificate,IBM,COURSE,4.8,Beginner,3.5k
COVID-19 - A clinical update,University of Florida,COURSE,4.7,Intermediate,3.7k
Russian Alphabet,Saint Petersburg State University,COURSE,4.7,Beginner,3.7k
Global Financing Solutions  (by EDHEC and Société Générale),EDHEC Business School,COURSE,4.7,Intermediate,3.8k
IBM z/OS Mainframe Practitioner,IBM,PROFESSIONAL CERTIFICATE,4.7,Beginner,3.9k
Foundations of Public Health Practice,Imperial College London,SPECIALIZATION,4.8,Beginner,3.9k
Machine Learning,University of Washington,SPECIALIZATION,4.6,Intermediate,300k
Technical Support Fundamentals,Google,COURSE,4.8,Beginner,300k
"Advanced Valuation and Strategy - M&A, Private Equity, and Venture Capital",Erasmus University Rotterdam,COURSE,4.7,Advanced,30k
"Parallel, Concurrent, and Distributed Programming in Java",Rice University,SPECIALIZATION,4.5,Intermediate,30k
Market Research,"University of California, Davis",SPECIALIZATION,4.5,Beginner,30k
Machine Learning and Reinforcement Learning in Finance,New York University,SPECIALIZATION,3.7,Intermediate,30k
Global Diplomacy: the United Nations in the World,University of London,COURSE,4.7,Beginner,30k
Bayesian Statistics: Techniques and Models,"University of California, Santa Cruz",COURSE,4.8,Intermediate,30k
Understanding Cancer Metastasis,Johns Hopkins University,COURSE,4.8,Beginner,30k
Roman Architecture,Yale University,COURSE,4.9,Beginner,30k
Supply Chain Principles,Georgia Institute of Technology,COURSE,4.6,Mixed,30k
Recommender Systems,University of Minnesota,SPECIALIZATION,4.3,Intermediate,30k
Google Cloud Platform Fundamentals: Core Infrastructure,Google Cloud,COURSE,4.7,Intermediate,310k
Networking in Google Cloud,Google Cloud,SPECIALIZATION,4.7,Intermediate,310k
Security in Google Cloud Platform,Google Cloud,SPECIALIZATION,4.7,Intermediate,310k
Developing Applications with Google Cloud Platform,Google Cloud,SPECIALIZATION,4.7,Intermediate,310k
Data Structures and Algorithms,National Research University Higher School of Economics,SPECIALIZATION,4.6,Intermediate,310k
Architecting with Google Kubernetes Engine,Google Cloud,SPECIALIZATION,4.7,Beginner,310k
Investment Management in an Evolving and Volatile World by HEC Paris and AXA Investment Managers,HEC Paris,COURSE,4.6,Intermediate,31k
Разработка интерфейсов: вёрстка и JavaScript,E-Learning Development Fund,SPECIALIZATION,4.5,Intermediate,31k
Introduction to solar cells,Technical University of Denmark (DTU),COURSE,4.8,Beginner,31k
Entrepreneurship 3: Growth Strategies,University of Pennsylvania,COURSE,4.8,Beginner,31k
Linear Circuits 1: DC Analysis,Georgia Institute of Technology,COURSE,4.6,Mixed,31k
Antimicrobial resistance - theory and methods,Technical University of Denmark (DTU),COURSE,4.6,Intermediate,31k
Fundamental Neuroscience for Neuroimaging,Johns Hopkins University,COURSE,4.6,Beginner,31k
Modern Art & Ideas,The Museum of Modern Art,COURSE,4.8,Beginner,320k
Architecting with Google Compute Engine,Google Cloud,SPECIALIZATION,4.7,Intermediate,320k
The Singer Songwriter,Berklee College of Music,SPECIALIZATION,4.8,Beginner,320k
Project Launch,"University of California, Irvine",COURSE,4.7,Beginner,320k
Epidemiology in Public Health Practice,Johns Hopkins University,SPECIALIZATION,4.7,Beginner,32k
Foundations of Global Health,Johns Hopkins University,SPECIALIZATION,4.7,Beginner,32k
Financial Planning for Young Adults,University of Illinois at Urbana-Champaign,COURSE,4.5,Beginner,32k
Chinese for HSK 1,Peking University,COURSE,4.9,Beginner,32k
Психолингвистика (Psycholinguistics),Saint Petersburg State University,COURSE,4.8,Mixed,32k
Blockchain: Foundations and Use Cases,ConsenSys Academy,COURSE,4.7,Beginner,32k
Learn Spanish: Basic Spanish Vocabulary,"University of California, Davis",SPECIALIZATION,4.6,Beginner,32k
Art & Ideas: Teaching with Themes,The Museum of Modern Art,COURSE,4.8,Mixed,32k
Neurolinguistics,Saint Petersburg State University,COURSE,4.8,Mixed,330k
Financial Engineering and Risk Management Part I,Columbia University,COURSE,4.6,Mixed,330k
Cloud Architecture with Google Cloud,Google Cloud,PROFESSIONAL CERTIFICATE,4.7,Intermediate,330k
Introduction to Data Science,IBM,SPECIALIZATION,4.6,Beginner,330k
A Life of Happiness and Fulfillment,Indian School of Business,COURSE,4.8,Mixed,330k
Introduction to Cyber Security,New York University,SPECIALIZATION,4.7,Beginner,33k
Understanding and Visualizing Data with Python,University of Michigan,COURSE,4.7,Beginner,33k
Engineering Project Management,Rice University,SPECIALIZATION,4.7,Beginner,33k
Project Planning,"University of California, Irvine",COURSE,4.7,Beginner,33k
Wine Tasting: Sensory Techniques for Wine Analysis,"University of California, Davis",COURSE,4.7,Beginner,33k
Réussir le Changement,ESSEC Business School,COURSE,4.5,Mixed,33k
Introduction to Systems Engineering,UNSW Sydney (The University of New South Wales),COURSE,4.7,Mixed,33k
Object Oriented Programming in Java,Duke University,SPECIALIZATION,4.6,Beginner,340k
COVID-19 Contact Tracing,Johns Hopkins University,COURSE,4.9,Beginner,340k
CAD and Digital Manufacturing,Autodesk,SPECIALIZATION,4.7,Intermediate,34k
Clinical Terminology for International and U.S. Students,University of Pittsburgh,COURSE,4.8,Beginner,34k
Microeconomics: The Power of Markets,University of Pennsylvania,COURSE,4.7,Mixed,34k
Mathematics for Machine Learning: PCA,Imperial College London,COURSE,4,Intermediate,34k
Music Business Foundations,Berklee College of Music,COURSE,4.9,Mixed,34k
Atención Primaria en Salud: El desafío de las Enfermedades no Transmisibles,Pontificia Universidad Católica de Chile,COURSE,4.8,Intermediate,34k
Introduction to Computer Science and Programming,"Goldsmiths, University of London",SPECIALIZATION,4.3,Beginner,34k
"Sequences, Time Series and Prediction",deeplearning.ai,COURSE,4.6,Intermediate,34k
Systems Thinking In Public Health,Johns Hopkins University,COURSE,4.6,Mixed,34k
Information Security: Context and Introduction,University of London,COURSE,4.6,Beginner,34k
Competitive Strategy and Organization Design,Ludwig-Maximilians-Universität München (LMU),SPECIALIZATION,4.7,Intermediate,350k
Seeing Through Photographs,The Museum of Modern Art,COURSE,4.8,Mixed,350k
Graphic Design,California Institute of the Arts,SPECIALIZATION,4.7,Beginner,350k
The Truth About Cats and Dogs,The University of Edinburgh,COURSE,4.7,Mixed,35k
Six Sigma Principles,University System of Georgia,COURSE,4.6,Beginner,35k
Geopolítica y gobernanza global: riesgos y oportunidades,ESADE Business and Law School,COURSE,4.8,Mixed,35k
Computational Thinking for Problem Solving,University of Pennsylvania,COURSE,4.8,Beginner,35k
Politics and Economics of International Energy,Sciences Po,COURSE,4.7,Beginner,35k
How to Start Your Own Business,Michigan State University,SPECIALIZATION,4.2,Beginner,35k
Leadership in 21st Century Organizations,Copenhagen Business School,COURSE,4.7,Mixed,35k
Introduction to Environmental Law and Policy,The University of North Carolina at Chapel Hill,COURSE,4.8,Mixed,35k
Introduction to Cybersecurity Tools & Cyber Attacks,IBM,COURSE,4.5,Beginner,36k
EDIVET: Do you have what it takes to be a veterinarian?,The University of Edinburgh,COURSE,4.7,Mixed,36k
Introduction to Augmented Reality and ARCore,Google AR & VR,COURSE,4.5,Beginner,36k
Software Development Lifecycle,University of Minnesota,SPECIALIZATION,4.6,Intermediate,36k
What future for education?,UCL Institute of Education,COURSE,4.7,Mixed,36k
Dino 101: Dinosaur Paleobiology,University of Alberta,COURSE,4.9,Beginner,36k
Modeling Risk and Realities,University of Pennsylvania,COURSE,4.6,Mixed,36k
Child Nutrition and Cooking,Stanford University,COURSE,4.7,Beginner,370k
Biohacking Your Brain's Health,Emory University,COURSE,4.6,Beginner,37k
Nutrition and Lifestyle in Pregnancy,Ludwig-Maximilians-Universität München (LMU),COURSE,4.8,Intermediate,37k
Weight Management: Beyond Balancing Calories,Emory University,COURSE,4.7,Beginner,37k
Healthcare Marketplace,University of Minnesota,SPECIALIZATION,4.4,Beginner,37k
"Recruiting, Hiring, and Onboarding Employees",University of Minnesota,COURSE,4.7,Mixed,37k
Internet Connection: How to Get Online?,Cisco,COURSE,4.7,Beginner,37k
International Women's Health and Human Rights,Stanford University,COURSE,4.8,Beginner,37k
Rethinking International Tax Law,Universiteit Leiden,COURSE,4.9,Mixed,37k
Statistics with Python,University of Michigan,SPECIALIZATION,4.6,Beginner,37k
Introduction to FPGA Design for Embedded Systems,University of Colorado Boulder,COURSE,4.6,Intermediate,37k
Children's Human Rights - An Interdisciplinary Introduction,University of Geneva,COURSE,4.7,Beginner,37k
Google IT Support,Google,PROFESSIONAL CERTIFICATE,4.8,Beginner,380k
Stanford Introduction to Food and Health,Stanford University,COURSE,4.7,Beginner,380k
Introduction to Philosophy,The University of Edinburgh,COURSE,4.7,Mixed,380k
Coaching Skills for Managers,"University of California, Davis",SPECIALIZATION,4.7,Intermediate,38k
C# Programming for Unity Game Development,University of Colorado System,SPECIALIZATION,4.7,Beginner,38k
Business English,Arizona State University,SPECIALIZATION,4.7,Intermediate,38k
Entrepreneurship 2: Launching your Start-Up,University of Pennsylvania,COURSE,4.8,Mixed,38k
Global Financial Markets and Instruments,Rice University,COURSE,4.6,Mixed,38k
"The Sustainable Development Goals – A global, transdisciplinary vision for the future",University of Copenhagen,COURSE,4.8,Beginner,38k
Probability and Statistics: To p or not to p?,University of London,COURSE,4.6,Beginner,38k
Industrial IoT on Google Cloud Platform,Google Cloud,COURSE,4.6,Beginner,38k
Digital Marketing,University of Illinois at Urbana-Champaign,SPECIALIZATION,4.6,Beginner,390k
Java Programming and Software Engineering Fundamentals,Duke University,SPECIALIZATION,4.6,Beginner,390k
Finding Purpose and Meaning In Life: Living for What Matters Most,University of Michigan,COURSE,4.8,Beginner,39k
Kotlin for Java Developers,JetBrains,COURSE,4.7,Intermediate,39k
Practical Time Series Analysis,The State University of New York,COURSE,4.6,Intermediate,39k
C for Everyone: Programming Fundamentals,"University of California, Santa Cruz",COURSE,4.6,Beginner,39k
Финансовые инструменты для частного инвестора,National Research University Higher School of Economics,SPECIALIZATION,4.7,Beginner,39k
Internet Giants: The Law and Economics of Media Platforms,The University of Chicago,COURSE,4.8,Mixed,39k
Success,University of Pennsylvania,COURSE,4.8,Beginner,39k
Fundamentals of Accounting,University of Illinois at Urbana-Champaign,SPECIALIZATION,4.6,Beginner,39k
Architecting Hybrid Cloud Infrastructure with Anthos,Google Cloud,SPECIALIZATION,4.8,Intermediate,3k
Access Controls,(ISC)²,COURSE,4.6,Beginner,3k
Health Behavior Change: From Evidence to Action,Yale University,COURSE,4.8,Beginner,3k
Blended Language Learning: Design and Practice for Teachers,University of Colorado Boulder,COURSE,4.8,Intermediate,3k
Data Engineering on Google Cloud Platform 日本語版,Google Cloud,SPECIALIZATION,4.4,Intermediate,3k
Healthcare Trends for Business Professionals,Northeastern University ,SPECIALIZATION,4.2,Beginner,4.1k
Architecting with Google Kubernetes Engine 日本語版,Google Cloud,SPECIALIZATION,4.5,Beginner,4.1k
Developing Applications with Google Cloud Platform 日本語版,Google Cloud,SPECIALIZATION,4.5,Intermediate,4.1k
Diseño Instruccional: Aprendizaje activo y Pedagogía digital,Tecnológico de Monterrey,SPECIALIZATION,4.6,Beginner,4.2k
Essentials in Clinical Simulations Across the Health Professions,The George Washington University,COURSE,4.8,Intermediate,4.3k
Architecting with Google Cloud Platform 日本語版,Google Cloud,SPECIALIZATION,4.5,Intermediate,4.3k
Challenging Forensic Science: How Science Should Speak to Court,University of Lausanne,COURSE,4.8,Beginner,4.4k
Become a Sustainable Business Change Agent,University of Colorado System,SPECIALIZATION,4.8,Intermediate,4.4k
Social Policy for Social Services & Health Practitioners,Columbia University,SPECIALIZATION,4.8,Beginner,4.4k
Swift 5 iOS Application Developer,LearnQuest,SPECIALIZATION,4.4,Beginner,4.5k
Reducing Gun Violence in America: Evidence for Change,Johns Hopkins University,COURSE,4.7,Beginner,4.7k
Exploring Renewable Energy Schemes,University of Pennsylvania,COURSE,4.8,Beginner,4.7k
AI for Medical Prognosis,deeplearning.ai,COURSE,4.7,Intermediate,4.8k
Formulación y evaluación de proyectos complejos,Universidad de los Andes,COURSE,4.9,Intermediate,4.8k
Introduction to Data Science in Python,University of Michigan,COURSE,4.5,Intermediate,400k
Learn Chinese: HSK Test Preparation,Peking University,SPECIALIZATION,4.8,Beginner,40k
Six Sigma Yellow Belt,University System of Georgia,SPECIALIZATION,4.6,Beginner,40k
ADHD: Everyday Strategies for Elementary Students,The State University of New York,COURSE,4.7,Beginner,40k
COVID-19: What You Need to Know (CME Eligible),Osmosis,COURSE,4.8,Beginner,40k
Learn Mandarin Chinese,Shanghai Jiao Tong University,SPECIALIZATION,4.8,Beginner,40k
"The Holocaust - An Introduction (I): Nazi Germany: Ideology, The Jews and the World",Tel Aviv University,COURSE,4.8,Mixed,40k
Innovation Management,Erasmus University Rotterdam,COURSE,4.6,Beginner,41k
Digital Manufacturing & Design Technology,University at Buffalo,SPECIALIZATION,4.6,Beginner,41k
Positive Psychology: Resilience Skills,University of Pennsylvania,COURSE,4.9,Beginner,41k
More Introduction to Financial Accounting,University of Pennsylvania,COURSE,4.9,Mixed,41k
Discrete Optimization,The University of Melbourne,COURSE,4.9,Intermediate,41k
First Step Korean,Yonsei University,COURSE,4.9,Beginner,420k
IT Fundamentals for Cybersecurity,IBM,SPECIALIZATION,4.5,Beginner,42k
Agile with Atlassian Jira,Atlassian,COURSE,4.7,Beginner,42k
Version Control with Git,Atlassian,COURSE,4.8,Mixed,42k
Excel Skills for Business: Advanced,Macquarie University,COURSE,4.7,Intermediate,42k
Healing with the Arts,University of Florida,COURSE,4.6,Mixed,42k
Social and Economic Networks:  Models and Analysis,Stanford University,COURSE,4.8,Advanced,42k
The Data Scientist’s Toolbox,Johns Hopkins University,COURSE,4.6,Mixed,430k
Forensic Accounting and Fraud Examination,West Virginia University,COURSE,4.7,Mixed,43k
Introduction to Embedded Systems Software and Development Environments,University of Colorado Boulder,COURSE,4.5,Intermediate,43k
Drug Development,University of California San Diego,COURSE,4.6,Beginner,43k
Using Python to Access Web Data,University of Michigan,COURSE,4.8,Mixed,43k
International Leadership and Organizational Behavior,Università Bocconi,COURSE,4.8,Mixed,43k
Natural Language Processing in TensorFlow,deeplearning.ai,COURSE,4.6,Intermediate,43k
Искусство разработки на современном C++,E-Learning Development Fund,SPECIALIZATION,4.9,Intermediate,43k
English for Research Publication Purposes,Moscow Institute of Physics and Technology,SPECIALIZATION,4.6,Intermediate,43k
Virtual Reality,"Goldsmiths, University of London",SPECIALIZATION,4.7,Beginner,43k
Data Management for Clinical Research,Vanderbilt University,COURSE,4.7,Beginner,43k
Excel Skills for Business: Intermediate II,Macquarie University,COURSE,4.8,Intermediate,43k
Developing Your Musicianship,Berklee College of Music,COURSE,4.8,Mixed,43k
Introduction to Genomic Technologies,Johns Hopkins University,COURSE,4.6,Mixed,43k
Grammar and Punctuation,"University of California, Irvine",COURSE,4.7,Mixed,440k
"Globalization, Economic Growth and Stability",IE Business School,SPECIALIZATION,4.8,Intermediate,44k
"Everyday Excel, Part 1",University of Colorado Boulder,COURSE,4.8,Beginner,44k
Construction Project Management,Columbia University,COURSE,4.8,Beginner,44k
Introduction to Self-Driving Cars,University of Toronto,COURSE,4.8,Advanced,44k
Costos para los Negocios,Universidad de Chile,COURSE,4.8,Intermediate,44k
User Interface Design,University of Minnesota,SPECIALIZATION,4.6,Intermediate,44k
"Speak English Professionally: In Person, Online & On the Phone",Georgia Institute of Technology,COURSE,4.7,Mixed,450k
Project Management & Other Tools for Career Development,"University of California, Irvine",SPECIALIZATION,4.6,Beginner,450k
Finanzas corporativas,Universidad Nacional Autónoma de México,SPECIALIZATION,4.6,Intermediate,45k
Applied Data Science Capstone,IBM,COURSE,4.7,Intermediate,45k
Making Architecture,IE School of Architecture & Design,COURSE,4.7,Beginner,45k
Epidemics - the Dynamics of Infectious Diseases,The Pennsylvania State University,COURSE,4.8,Mixed,46k
"Transmedia Storytelling: Narrative worlds, emerging technologies, and global audiences",UNSW Sydney (The University of New South Wales),COURSE,4.8,Mixed,46k
"Competencias digitales. Herramientas de ofimática (Microsoft Word, Excel, Power Point)",Universitat Autònoma de Barcelona,COURSE,4.7,Beginner,47k
Egiptología (Egyptology),Universitat Autònoma de Barcelona,COURSE,4.9,Beginner,47k
Gestión de organizaciones efectivas,Pontificia Universidad Católica de Chile,COURSE,4.7,Mixed,47k
Systems Biology and Biotechnology,Icahn School of Medicine at Mount Sinai,SPECIALIZATION,4.4,Intermediate,48k
Introduction to Chemistry:  Reactions and Ratios,Duke University,COURSE,4.7,Beginner,48k
"The Modern World, Part Two: Global History since 1910",University of Virginia,COURSE,4.8,Beginner,48k
Search Engine Optimization Fundamentals,"University of California, Davis",COURSE,4.7,Mixed,48k
Introduction to Artificial Intelligence (AI),IBM,COURSE,4.7,Beginner,48k
Convolutional Neural Networks in TensorFlow,deeplearning.ai,COURSE,4.7,Intermediate,48k
R Programming,Johns Hopkins University,COURSE,4.6,Intermediate,490k
Excel to MySQL: Analytic Techniques for Business,Duke University,SPECIALIZATION,4.6,Beginner,490k
The Art of Music Production,Berklee College of Music,COURSE,4.8,Intermediate,49k
The Manager's Toolkit: A Practical Guide to Managing People at Work,University of London,COURSE,4.6,Mixed,49k
Unraveling the Cycling City,University of Amsterdam,COURSE,4.9,Intermediate,4k
Fundraising and Development,"University of California, Davis",SPECIALIZATION,4.5,Beginner,5.1k
Supply Chain Finance and Blockchain Technology,New York Institute of Finance,SPECIALIZATION,4.6,Intermediate,5.1k
Ordered Data Structures,University of Illinois at Urbana-Champaign,COURSE,4.8,Mixed,5.1k
Medical Cannabis: The Health Effects of THC and CBD,University of Colorado Boulder,SPECIALIZATION,4.8,Beginner,5.2k
"Information Systems Auditing, Controls and Assurance",The Hong Kong University of Science and Technology,COURSE,4.7,Beginner,5.3k
Reporting extra-financier et stratégie RSE,ESSEC Business School,COURSE,4.7,Beginner,5.3k
Claves para la innovación en la docencia universitaria,Universitat de Barcelona,COURSE,4.8,Mixed,5.3k
Introduction to Accounting Data Analytics and Visualization,University of Illinois at Urbana-Champaign,COURSE,4.8,Beginner,5.5k
(ISC)² Systems Security Certified Practitioner (SSCP),(ISC)²,SPECIALIZATION,4.7,Beginner,5.5k
Writing and Editing: Word Choice and Word Order,University of Michigan,COURSE,4.6,Beginner,5.6k
Climate Change and Health: From Science to Action,Yale University,SPECIALIZATION,4.7,Beginner,5.6k
The Teacher and Social and Emotional Learning (SEL),University of Colorado Boulder,SPECIALIZATION,4.7,Beginner,5.6k
Troubles du spectre de l'autisme : diagnostic,University of Geneva,COURSE,4.9,Intermediate,5.7k
Health Information Literacy for Data Analytics,"University of California, Davis",SPECIALIZATION,4.4,Intermediate,5.7k
Privacy Law and Data Protection,University of Pennsylvania,COURSE,4.8,Mixed,5.8k
Newborn Baby Care,University of Colorado System,SPECIALIZATION,4.8,Beginner,5.9k
Curanderismo: Traditional Healing Using Plants,University of New Mexico,COURSE,4.6,Beginner,5.9k
Sales Operations/Management,West Virginia University,SPECIALIZATION,4.4,Beginner,5.9k
Understanding Plants - Part I: What a Plant Knows,Tel Aviv University,COURSE,4.8,Beginner,50k
Fundamentals of Engineering Exam Review,Georgia Institute of Technology,COURSE,4.7,Mixed,50k
Introduction to Forensic Science,"Nanyang Technological University, Singapore",COURSE,4.9,Mixed,50k
"Presentation Skills: Speechwriting, Slides and Delivery",E-Learning Development Fund,SPECIALIZATION,4.6,Beginner,50k
Communication Strategies for a Virtual Age,University of Toronto,COURSE,4.8,Beginner,50k
Control of Mobile Robots,Georgia Institute of Technology,COURSE,4.8,Mixed,50k
Materials Science: 10 Things Every Engineer Should Know,"University of California, Davis",COURSE,4.7,Mixed,50k
Self-Driving Cars,University of Toronto,SPECIALIZATION,4.7,Advanced,50k
Marketing Gerencial,Universidad de Chile,COURSE,4.7,Intermediate,50k
IBM Data Science,IBM,PROFESSIONAL CERTIFICATE,4.6,Beginner,510k
Business Writing,University of Colorado Boulder,COURSE,4.8,Beginner,51k
Análisis de Datos para la toma de decisiones,Tecnológico de Monterrey,SPECIALIZATION,4.3,Intermediate,51k
Investment and Portfolio Management,Rice University,SPECIALIZATION,4.5,Beginner,51k
Supporting children with difficulties in reading and writing,UCL Institute of Education,COURSE,4.8,Mixed,51k
Positive Psychology: Martin E. P. Seligman’s Visionary Science,University of Pennsylvania,COURSE,4.8,Beginner,51k
Business Foundations,University of Pennsylvania,SPECIALIZATION,4.7,Beginner,520k
Mathematical Thinking in Computer Science,National Research University Higher School of Economics,COURSE,4.4,Beginner,52k
Программирование на Python,Mail.Ru Group,SPECIALIZATION,4.5,Intermediate,52k
Indigenous Canada,University of Alberta,COURSE,4.8,Mixed,52k
Public Policy Challenges of the 21st Century,University of Virginia,COURSE,4.6,Beginner,53k
From the Big Bang to Dark Energy,The University of Tokyo,COURSE,4.8,Beginner,53k
Classical Sociological Theory,University of Amsterdam,COURSE,4.8,Mixed,53k
Mathematics for Machine Learning: Multivariate Calculus,Imperial College London,COURSE,4.7,Beginner,53k
Managing the Company of the Future,London Business School,COURSE,4.8,Mixed,53k
Teaching Character and Creating Positive Classrooms,Relay Graduate School of Education,COURSE,4.8,Mixed,53k
Introduction to Scripting in Python,Rice University,SPECIALIZATION,4.7,Beginner,53k
Devenir entrepreneur du changement,Ticket for Change,COURSE,4.7,Mixed,54k
Learn English: Advanced Grammar and Punctuation,"University of California, Irvine",SPECIALIZATION,4.8,Advanced,54k
Fundamentos de la escritura,Tecnológico de Monterrey,COURSE,4.6,Beginner,54k
Academic English: Writing,"University of California, Irvine",SPECIALIZATION,4.7,Beginner,550k
Essentials of Corporate Finance,The University of Melbourne,SPECIALIZATION,4.6,Intermediate,55k
Introduction to Imagemaking,California Institute of the Arts,COURSE,4.5,Beginner,55k
Teamwork Skills: Communicating Effectively in Groups,University of Colorado Boulder,COURSE,4.7,Beginner,56k
"Excel/VBA for Creative Problem Solving, Part 1",University of Colorado Boulder,COURSE,4.9,Beginner,56k
Effective Business Presentations with Powerpoint,PwC,COURSE,4.6,Beginner,56k
Corporate Finance Essentials,IESE Business School,COURSE,4.8,Mixed,57k
Visual Elements of User Interface Design,California Institute of the Arts,COURSE,4.7,Beginner,57k
Behavioral Finance,Duke University,COURSE,4.4,Mixed,57k
Excel aplicado a los negocios (Nivel Avanzado),Universidad Austral,COURSE,4.7,Intermediate,57k
Introduction to Calculus,The University of Sydney,COURSE,4.8,Intermediate,57k
Cisco Networking Basics,Cisco,SPECIALIZATION,4.7,Beginner,58k
Greening the Economy: Sustainable Cities,Lund University,COURSE,4.6,Beginner,58k
Excel/VBA for Creative Problem Solving,University of Colorado Boulder,SPECIALIZATION,4.8,Beginner,58k
Autism Spectrum Disorder,"University of California, Davis",COURSE,4.6,Mixed,58k
Managerial Economics and Business Analysis,University of Illinois at Urbana-Champaign,SPECIALIZATION,4.7,Beginner,58k
Marketing Verde,Universidad de los Andes,COURSE,4.8,Mixed,59k
Marketing Strategy,IE Business School,SPECIALIZATION,4.4,Beginner,59k
Food & Beverage Management,Università Bocconi,COURSE,4.8,Mixed,59k
Elastic Google Cloud Infrastructure: Scaling and Automation,Google Cloud,COURSE,4.7,Intermediate,59k
Dentistry 101,University of Michigan,COURSE,4.7,Beginner,5k
Code Free Data Science,University of California San Diego,COURSE,4.2,Beginner,5k
Managing Major Engineering Projects,University of Leeds,SPECIALIZATION,4.6,Intermediate,6.1k
Healthcare Organization Operations,Rutgers the State University of New Jersey,SPECIALIZATION,4.6,Beginner,6.1k
"Leading for Equity, Diversity and Inclusion in Higher Education",University of Michigan,COURSE,4.7,Intermediate,6.2k
Introduction to Intellectual Property,University of Pennsylvania,COURSE,4.8,Beginner,6.3k
"Smart Analytics, Machine Learning, and AI on GCP",Google Cloud,COURSE,4.6,Intermediate,6.5k
Unity Certified Programmer Exam Preparation,Unity,SPECIALIZATION,4.5,Intermediate,6.5k
What is Compliance?,University of Pennsylvania,COURSE,4.8,Mixed,6.5k
Building Resilient Streaming Analytics Systems on GCP,Google Cloud,COURSE,4.6,Intermediate,6.6k
Becoming a Sports Agent,Case Western Reserve University,COURSE,4.7,Beginner,6.7k
Epidemiology for Public Health,Imperial College London,SPECIALIZATION,4.7,Beginner,6.8k
Secure Coding Practices,"University of California, Davis",SPECIALIZATION,4.4,Intermediate,6.9k
Oil & Gas Industry Operations and Markets,Duke University,COURSE,4.8,Mixed,60k
Bioinformatics,University of California San Diego,SPECIALIZATION,4.5,Beginner,60k
Municipal Solid Waste Management in Developing Countries,École Polytechnique Fédérale de Lausanne,COURSE,4.8,Intermediate,60k
Claves para Gestionar Personas,IESE Business School,COURSE,4.8,Mixed,61k
Data Visualization with Advanced Excel,PwC,COURSE,4.8,Beginner,61k
Software Processes and Agile Practices,University of Alberta,COURSE,4.7,Mixed,61k
Digital Product Management: Modern Fundamentals,University of Virginia,COURSE,4.7,Beginner,61k
Strategic Business Analytics,ESSEC Business School,SPECIALIZATION,4.3,Advanced,61k
Marketing con Redes Sociales,Tecnológico de Monterrey,SPECIALIZATION,4.4,Intermediate,61k
Construction Management,Columbia University,SPECIALIZATION,4.7,Beginner,62k
Software Design and Architecture,University of Alberta,SPECIALIZATION,4.6,Beginner,62k
Gut Check: Exploring Your Microbiome,University of California San Diego,COURSE,4.7,Mixed,62k
Sharpened Visions: A Poetry Workshop,California Institute of the Arts,COURSE,4.7,Beginner,62k
Introduction to Thermodynamics: Transferring Energy from Here to There,University of Michigan,COURSE,4.8,Beginner,62k
Hacia una práctica constructivista en el aula,Pontificia Universidad Católica de Chile,COURSE,4.8,Mixed,63k
Positive Psychiatry and Mental Health,The University of Sydney,COURSE,4.8,Mixed,63k
"TESOL Certificate, Part 2: Teach English Now!",Arizona State University,SPECIALIZATION,4.9,Beginner,63k
"Brand Management: Aligning Business, Brand and Behaviour",London Business School,COURSE,4.9,Beginner,63k
Improving Communication Skills,University of Pennsylvania,COURSE,4.7,Beginner,64k
Becoming a changemaker: Introduction to Social Innovation,University of Cape Town,COURSE,4.8,Beginner,64k
Big History: Connecting Knowledge,Macquarie University,COURSE,4.8,Mixed,64k
Neural Networks and Deep Learning,deeplearning.ai,COURSE,4.9,Intermediate,650k
AI Foundations for Everyone,IBM,SPECIALIZATION,4.7,Beginner,65k
Machine Learning for Business Professionals,Google Cloud,COURSE,4.6,Intermediate,65k
Value Chain Management,University of Illinois at Urbana-Champaign,SPECIALIZATION,4.7,Intermediate,65k
System Administration and IT Infrastructure Services,Google,COURSE,4.7,Beginner,65k
How Google does Machine Learning,Google Cloud,COURSE,4.6,Intermediate,65k
Desarrollo de aplicaciones móviles con Android,Universidad Nacional Autónoma de México,SPECIALIZATION,4.6,Intermediate,65k
Foundations of Everyday Leadership,University of Illinois at Urbana-Champaign,COURSE,4.8,Mixed,65k
Cómo hablar bien en público,Universitat Autònoma de Barcelona,COURSE,4.8,Beginner,66k
Administración de Proyectos: Principios Básicos,Tecnológico de Monterrey,SPECIALIZATION,4.6,Beginner,66k
Conflict Management,"University of California, Irvine",SPECIALIZATION,4.3,Beginner,66k
Blockchain Basics,The State University of New York,COURSE,4.6,Beginner,67k
Astrobiology and the Search for Extraterrestrial Life,The University of Edinburgh,COURSE,4.7,Mixed,67k
Financial Engineering and Risk Management Part II,Columbia University,COURSE,4.7,Mixed,67k
Interviewing and Resume Writing in English,"University of Maryland, College Park",SPECIALIZATION,4.6,Intermediate,67k
IT Security: Defense against the digital dark arts,Google,COURSE,4.8,Beginner,67k
Introduction to Software Product Management,University of Alberta,COURSE,4.6,Mixed,67k
Foundations of Management,IESE Business School,SPECIALIZATION,4.8,Beginner,67k
Computational Neuroscience,University of Washington,COURSE,4.7,Beginner,68k
Математика и Python для анализа данных,Yandex,COURSE,4.8,Beginner,68k
Digital Transformation,BCG,COURSE,4.8,Beginner,68k
Data Visualization with Python,IBM,COURSE,4.6,Intermediate,69k
Probabilistic Graphical Models 1: Representation,Stanford University,COURSE,4.7,Advanced,69k
Introduction to Systematic Review and Meta-Analysis,Johns Hopkins University,COURSE,4.8,Mixed,69k
Power Electronics,University of Colorado Boulder,SPECIALIZATION,4.8,Intermediate,69k
Design and Interpretation of Clinical Trials,Johns Hopkins University,COURSE,4.7,Mixed,69k
Financial Accounting Fundamentals,University of Virginia,COURSE,4.8,Beginner,69k
Driving business towards the Sustainable Development Goals,Erasmus University Rotterdam,COURSE,4.8,Beginner,6k
Good with Words: Writing and Editing,University of Michigan,SPECIALIZATION,4.5,Beginner,6k
Cultural Competence - Aboriginal Sydney,The University of Sydney,COURSE,4.7,Beginner,6k
Objetivos de desarrollo sostenible para América Latina y el Caribe,Universidad de los Andes,COURSE,4.8,Beginner,7.1k
Computational Social Science,"University of California, Davis",SPECIALIZATION,4.6,Beginner,7.1k
Sample-based Learning Methods,University of Alberta,COURSE,4.8,Intermediate,7.2k
Legal Tech & Startups,IE Business School,COURSE,4.5,Intermediate,7.5k
Equine Welfare and Management,"University of California, Davis",COURSE,4.8,Beginner,7.5k
Financial Technology (Fintech) Innovations,University of Michigan,SPECIALIZATION,4.7,Beginner,7.6k
Russian for beginners А1. Русский язык: A1,Saint Petersburg State University,SPECIALIZATION,4.6,Beginner,7.7k
Requirements Engineering: Secure Software  Specifications,University of Colorado System,SPECIALIZATION,4.6,Beginner,7.7k
EMT Foundations,University of Colorado System,COURSE,4.8,Beginner,7.9k
Race and Cultural Diversity in American Life and History,University of Illinois at Urbana-Champaign,COURSE,4.5,Beginner,7.9k
Global Trends for Business and Society,University of Pennsylvania,COURSE,4.8,Mixed,7.9k
Essential Google Cloud Infrastructure: Core Services,Google Cloud,COURSE,4.7,Intermediate,70k
Supply Chain Logistics,Rutgers the State University of New Jersey,COURSE,4.7,Beginner,70k
Entrepreneurship: Launching an Innovative Business,"University of Maryland, College Park",SPECIALIZATION,4.6,Beginner,70k
Éxito Profesional,"University of California, Irvine",SPECIALIZATION,4.5,Beginner,70k
Quantitative Methods,University of Amsterdam,COURSE,4.7,Mixed,70k
Strategic Management and Innovation,Copenhagen Business School,SPECIALIZATION,4.7,Beginner,70k
Agile Meets Design Thinking,University of Virginia,COURSE,4.7,Beginner,71k
Probabilistic Graphical Models,Stanford University,SPECIALIZATION,4.6,Advanced,71k
Finance for Non-Finance Professionals,Rice University,COURSE,4.8,Beginner,71k
Deep Learning,deeplearning.ai,SPECIALIZATION,4.8,Intermediate,720k
Preparing to Manage Human Resources,University of Minnesota,COURSE,4.8,Mixed,72k
Trading Strategies in Emerging Markets,Indian School of Business,SPECIALIZATION,4.2,Beginner,72k
Wind Energy,Technical University of Denmark (DTU),COURSE,4.7,Mixed,72k
An Introduction to Consumer Neuroscience & Neuromarketing,Copenhagen Business School,COURSE,4.7,Beginner,72k
The Ancient Greeks,Wesleyan University,COURSE,4.7,Mixed,72k
Inspirational Leadership: Leading with Sense,HEC Paris,SPECIALIZATION,4.5,Beginner,73k
Blockchain,University at Buffalo,SPECIALIZATION,4.6,Intermediate,73k
Introduction to Sustainability,University of Illinois at Urbana-Champaign,COURSE,4.8,Mixed,73k
Advanced Data Science with IBM,IBM,SPECIALIZATION,4.4,Advanced,73k
UI / UX Design,California Institute of the Arts,SPECIALIZATION,4.7,Beginner,74k
Machine Learning with TensorFlow on Google Cloud Platform,Google Cloud,SPECIALIZATION,4.5,Intermediate,74k
Introduction to Typography,California Institute of the Arts,COURSE,4.8,Beginner,74k
Managing Project Risks and Changes,"University of California, Irvine",COURSE,4.7,Mixed,74k
Animal Behaviour and Welfare,The University of Edinburgh,COURSE,4.8,Mixed,74k
Chinese for Beginners,Peking University,COURSE,4.8,Mixed,750k
Microeconomics Principles,University of Illinois at Urbana-Champaign,COURSE,4.8,Beginner,75k
Business Technology Management,Indian School of Business,SPECIALIZATION,4.6,Beginner,75k
Spanish Vocabulary: Meeting People,"University of California, Davis",COURSE,4.6,Beginner,75k
Data Science: Foundations using R,Johns Hopkins University,SPECIALIZATION,4.6,Beginner,760k
"Corrección, estilo y  variaciones de la lengua española",Universitat Autònoma de Barcelona,COURSE,4.6,Beginner,76k
Introduction to Genetics and Evolution,Duke University,COURSE,4.8,Mixed,76k
Getting Started with Google Kubernetes Engine,Google Cloud,COURSE,4.5,Intermediate,76k
Programming Fundamentals,Duke University,COURSE,4.7,Beginner,76k
Moralities of Everyday Life,Yale University,COURSE,4.8,Mixed,76k
Digital Analytics for Marketing Professionals: Marketing Analytics in Theory,University of Illinois at Urbana-Champaign,COURSE,4.5,Mixed,76k
Learning to Teach Online,UNSW Sydney (The University of New South Wales),COURSE,4.7,Beginner,76k
Successful Negotiation: Essential Strategies and Skills,University of Michigan,COURSE,4.8,Mixed,770k
Introduction to Spreadsheets and Models,University of Pennsylvania,COURSE,4.2,Mixed,77k
Ancient Philosophy: Plato & His Predecessors,University of Pennsylvania,COURSE,4.8,Mixed,77k
iOS App Development with Swift,University of Toronto,SPECIALIZATION,3.9,Intermediate,77k
Game Design and Development,Michigan State University,SPECIALIZATION,4.7,Intermediate,77k
The Arts and Science of Relationships: Understanding Human Needs,University of Toronto,COURSE,4.5,Beginner,78k
Машинное обучение и анализ данных,E-Learning Development Fund,SPECIALIZATION,4.7,Intermediate,78k
Financial Management,University of Illinois at Urbana-Champaign,SPECIALIZATION,4.7,Intermediate,79k
"Social Norms, Social Change I",Unicef,COURSE,4.6,Beginner,79k
Introduction to Discrete Mathematics for Computer Science,National Research University Higher School of Economics,SPECIALIZATION,4.5,Beginner,79k
Magic in the Middle Ages,Universitat de Barcelona,COURSE,4.6,Beginner,79k
Foundations of Data Science: K-Means Clustering in Python,"Goldsmiths, University of London",COURSE,4.7,Beginner,7k
Building Batch Data Pipelines on GCP,Google Cloud,COURSE,4.5,Intermediate,8.2k
Corporate Strategy,UCL School of Management,COURSE,4.8,Beginner,8.4k
Autodesk CAD/CAM for Manufacturing,Autodesk,SPECIALIZATION,4.8,Intermediate,8.4k
L'excellence opérationnelle en pratique,ESSEC Business School,COURSE,4.7,Beginner,8.4k
"Living with Dementia: Impact on Individuals, Caregivers, Communities and Societies",Johns Hopkins University,COURSE,4.7,Beginner,8.5k
Japanese for beginners 1,Saint Petersburg State University,COURSE,2.8,Beginner,8.7k
Analysing: Numeric and digital literacies,Macquarie University,SPECIALIZATION,4.6,Beginner,8.7k
Développement psychologique de l'enfant,University of Geneva,COURSE,4.9,Beginner,8.8k
Health Informatics,Johns Hopkins University,SPECIALIZATION,4.5,Beginner,8.9k
Career Success,"University of California, Irvine",SPECIALIZATION,4.4,Beginner,800k
Business English: Networking,University of Washington,COURSE,4.7,Intermediate,80k
Understanding Financial Markets,University of Geneva,COURSE,4.7,Beginner,80k
Understanding Clinical Research: Behind the Statistics,University of Cape Town,COURSE,4.8,Mixed,80k
Operating Systems and You: Becoming a Power User,Google,COURSE,4.7,Beginner,80k
Introduction to Ancient Egypt and Its Civilization,University of Pennsylvania,COURSE,4.6,Intermediate,80k
English for Career Development,University of Pennsylvania,COURSE,4.8,Mixed,810k
Global Diplomacy – Diplomacy in the Modern World,University of London,COURSE,4.6,Mixed,81k
In the Studio: Postwar Abstract Painting,The Museum of Modern Art,COURSE,4.9,Beginner,81k
Getting Started with AWS Machine Learning,Amazon Web Services,COURSE,4.5,Intermediate,81k
Introduction to Game Development,Michigan State University,COURSE,4.8,Mixed,81k
Learn English: Advanced Academic Speaking and Listening,"University of California, Irvine",SPECIALIZATION,4.5,Intermediate,81k
Introduction to Web Development,"University of California, Davis",COURSE,4.7,Beginner,81k
Accounting Analytics,University of Pennsylvania,COURSE,4.5,Mixed,81k
Operations Analytics,University of Pennsylvania,COURSE,4.7,Mixed,81k
Accelerated Computer Science Fundamentals,University of Illinois at Urbana-Champaign,SPECIALIZATION,4.7,Intermediate,82k
Genomic Data Science,Johns Hopkins University,SPECIALIZATION,4.4,Intermediate,82k
Fundamentals of Visualization with Tableau,"University of California, Davis",COURSE,4.5,Beginner,83k
Teach English Now! Foundational Principles,Arizona State University,COURSE,4.9,Mixed,83k
Perfect Tenses and Modals,"University of California, Irvine",COURSE,4.7,Intermediate,83k
Excel Skills for Business: Intermediate I,Macquarie University,COURSE,4.9,Intermediate,83k
程序设计与算法,Peking University,SPECIALIZATION,4.8,Beginner,84k
User Experience Research and Design,University of Michigan,SPECIALIZATION,4.8,Beginner,84k
Game Design: Art and Concepts,California Institute of the Arts,SPECIALIZATION,4.6,Beginner,84k
Economics of Money and Banking,Columbia University,COURSE,4.9,Mixed,84k
Data Science,Johns Hopkins University,SPECIALIZATION,4.5,Beginner,850k
Основы программирования на Python,National Research University Higher School of Economics,COURSE,4.6,Beginner,85k
Marketing Digital,Universidade de São Paulo,COURSE,4.8,Beginner,85k
Introduction to International Criminal Law,Case Western Reserve University,COURSE,4.8,Mixed,85k
The Global Financial Crisis,Yale University,COURSE,4.8,Mixed,86k
People Analytics,University of Pennsylvania,COURSE,4.5,Mixed,86k
Budgeting and Scheduling Projects,"University of California, Irvine",COURSE,4.7,Mixed,86k
The Business of Music Production,Berklee College of Music,SPECIALIZATION,4.8,Beginner,86k
Essential Google Cloud Infrastructure: Foundation,Google Cloud,COURSE,4.7,Intermediate,86k
Personal & Family Financial Planning,University of Florida,COURSE,4.6,Mixed,86k
Entrepreneurship 1: Developing the Opportunity,University of Pennsylvania,COURSE,4.8,Mixed,87k
Supply Chain Management,Rutgers the State University of New Jersey,SPECIALIZATION,4.7,Beginner,87k
Fundamentals of GIS,"University of California, Davis",COURSE,4.8,Beginner,87k
Introduction to Operations Management,University of Pennsylvania,COURSE,4.5,Mixed,88k
Inspiring and Motivating Individuals,University of Michigan,COURSE,4.8,Mixed,88k
Introduction to Programming in C,Duke University,SPECIALIZATION,4.6,Beginner,88k
"Capstone: Retrieving, Processing, and Visualizing Data with Python",University of Michigan,COURSE,4.6,Mixed,88k
Advanced Business Analytics,University of Colorado Boulder,SPECIALIZATION,4.5,Intermediate,88k
Introduction to CSS3,University of Michigan,COURSE,4.8,Mixed,89k
Everyday Parenting: The ABCs of Child Rearing,Yale University,COURSE,4.9,Beginner,89k
Supply Chain Analytics,Rutgers the State University of New Jersey,COURSE,4.7,Beginner,9.1k
Teach English Now! Teaching Language Online,Arizona State University,COURSE,4.5,Intermediate,9.1k
Cryptocurrency and Blockchain: An Introduction to Digital Currencies,University of Pennsylvania,COURSE,4.6,Mixed,9.2k
Inclusión social de personas con discapacidad desde un enfoque de derechos.,Universidad de Chile,COURSE,4.5,Beginner,9.2k
Dermatology: Trip to skin,Novosibirsk State University ,COURSE,4.4,Beginner,9.3k
Big Data – Introducción al uso práctico de datos masivos,Universitat Autònoma de Barcelona,SPECIALIZATION,4.5,Beginner,9.3k
Patient Safety,Johns Hopkins University,SPECIALIZATION,4.8,Beginner,9.3k
Periodismo digital y combate a las fake news,Universidad Nacional Autónoma de México,COURSE,4.9,Beginner,9.4k
Math behind Moneyball,University of Houston System,COURSE,4.5,Beginner,9.5k
Mastering Final Cut Pro,LearnQuest,COURSE,4.6,Beginner,9.5k
Strategic Sales Management,Fundação Instituto de Administração,SPECIALIZATION,4.5,Intermediate,9.6k
Soporte de Tecnologías de la Información de Google,Crece con Google,PROFESSIONAL CERTIFICATE,4.9,Beginner,9.6k
The Oral Cavity: Portal to Health and Disease,University of Pennsylvania,COURSE,4.9,Intermediate,9.7k
Palo Alto Networks Cybersecurity,Palo Alto Networks,SPECIALIZATION,4.6,Beginner,9.8k
Addiction Treatment: Clinical Skills for Healthcare Providers,Yale University,COURSE,4.8,Beginner,9.9k
Instructional Methods in Health Professions Education,University of Michigan,COURSE,4.6,Intermediate,9.9k
Introduction to G Suite,Google Cloud,COURSE,4.7,Beginner,9.9k
University Teaching,The University of Hong Kong,COURSE,4.8,Beginner,9.9k
Introduction to User Experience Design,Georgia Institute of Technology,COURSE,4.5,Beginner,90k
Understanding Einstein: The Special Theory of Relativity,Stanford University,COURSE,4.9,Beginner,91k
Foundations of Positive Psychology,University of Pennsylvania,SPECIALIZATION,4.8,Beginner,91k
Terrorism and Counterterrorism: Comparing Theory and Practice,Universiteit Leiden,COURSE,4.8,Beginner,91k
Business Strategy,University of Virginia,SPECIALIZATION,4.7,Beginner,91k
Introduction to Public Speaking,University of Washington,COURSE,4.8,Beginner,92k
Data Science Methodology,IBM,COURSE,4.6,Beginner,92k
A Law Student's Toolkit,Yale University,COURSE,4.7,Mixed,93k
Organizational Leadership,Northwestern University,SPECIALIZATION,4.7,Intermediate,93k
Bayesian Statistics: From Concept to Data Analysis,"University of California, Santa Cruz",COURSE,4.6,Intermediate,93k
Pensamiento Científico,Universidad Nacional Autónoma de México,COURSE,4.7,Mixed,94k
Marketing Mix Implementation,IE Business School,SPECIALIZATION,4.6,Beginner,95k
Principles of Sustainable Finance,Erasmus University Rotterdam,COURSE,4.6,Intermediate,95k
Problem Solving with Excel,PwC,COURSE,4.7,Beginner,96k
Agile Development,University of Virginia,SPECIALIZATION,4.7,Beginner,97k
Build a Modern Computer from First Principles: From Nand to Tetris (Project-Centered Course),Hebrew University of Jerusalem,COURSE,4.9,Mixed,97k
Front-End Web UI Frameworks and Tools: Bootstrap 4,The Hong Kong University of Science and Technology,COURSE,4.8,Intermediate,97k
Negociación exitosa: Estrategias y habilidades esenciales (en español),University of Michigan,COURSE,4.8,Mixed,97k
Geographic Information Systems  (GIS),"University of California, Davis",SPECIALIZATION,4.8,Beginner,98k
Introduction to Search Engine Optimization,"University of California, Davis",COURSE,4.6,Mixed,98k
Data Visualization with Tableau,"University of California, Davis",SPECIALIZATION,4.5,Beginner,98k
Design and Make Infographics (Project-Centered Course),Michigan State University,COURSE,4.7,Mixed,99k
Developing Industrial Internet of Things,University of Colorado Boulder,SPECIALIZATION,4.6,Intermediate,9k
Entrepreneurial Finance: Strategy and Innovation,Duke University,SPECIALIZATION,4.5,Intermediate,9k